Asobo Standard|Airbus A320neo|Asobo|Airbus A320|neo|0|Airliner
Asobo Standard|Asobo Savage Cub|Asobo|Savage Cub|_default|0|SingleProp
Asobo Standard|Asobo XCub|Asobo|XCub|_default|0|SingleProp
Asobo Standard|Beechcraft King Air 350i Asobo|Asobo|Beechcraft King Air 350i|_default|0|TwinProp
Asobo Standard|Boeing 787-10 Asobo|Asobo|Boeing 787-10|_default|0|Airliner
Asobo Standard|Bonanza G36 Asobo|Asobo|Bonanza G36|_default|0|SingleProp
Asobo Standard|Cessna 152 Asobo|Asobo|Cessna 152|_default|0|SingleProp
Asobo Standard|Cessna 208B Grand Caravan EX|Asobo|Cessna 208B Grand Caravan|_default|0|SingleProp
Asobo Standard|Cessna CJ4 Citation Asobo|Asobo|Cessna CJ4 Citation|_default|0|Airliner
Asobo Standard|Cessna Skyhawk G1000 Asobo|Asobo|Cessna Skyhawk|G1000|0|SingleProp
Asobo Standard|DA40-NG Asobo|Asobo|DA40|NG|0|SingleProp
Asobo Standard|DA62 Asobo|Asobo|DA62|_default|0|TwinProp
Asobo Standard|DR400 Asobo|Asobo|DR400|_default|0|SingleProp
Asobo Standard|Extra 330 Asobo|Asobo|Extra 330|_default|0|SingleProp
Asobo Standard|FlightDesignCT Asobo|Asobo|FlightDesignCT|_default|0|SingleProp
Asobo Standard|Icon A5 Asobo|Asobo|Icon A5|_default|0|SingleProp
Asobo Standard|Mudry Cap 10 C|Asobo|Mudry Cap 10 C|_default|0|SingleProp
Asobo Standard|Pitts Asobo|Asobo|Pitts|_default|0|SingleProp
Asobo Standard|Pitts Special S2S Rufus|Asobo|Pitts Special S2S|Rufus|0|SingleProp
Asobo Standard|Pitts Special S2S Sam|Asobo|Pitts Special S2S|Sam|0|SingleProp
Asobo Standard|TBM 930 Asobo|Asobo|TBM 930|_default|0|SingleProp
Asobo Standard|VL3 Asobo|Asobo|VL3|_default|0|SingleProp
Asobo Deluxe|Asobo Baron G58|Asobo|Baron G58|_default|0|TwinProp
Asobo Deluxe|Cessna 152 Aero Asobo|Asobo|Cessna 152|Aero|0|SingleProp
Asobo Deluxe|Cessna Skyhawk Asobo|Asobo|Cessna Skyhawk|_default|0|SingleProp
Asobo Deluxe|DA40 TDI Asobo|Asobo|DA40|TDI|0|SingleProp
Asobo Deluxe|DV20 Asobo|Asobo|DV20|_default|0|SingleProp
Asobo Premium|Boeing 747-8i Asobo|Asobo|Boeing 747-8i|_default|0|Airliner
Asobo Premium|Cessna Longitude Asobo|Asobo|Cessna Longitude|_default|0|Airliner
Asobo Premium|Pipistrel Alpha Electro Asobo|Asobo|Pipistrel Alpha Electro|_default|0|SingleProp
Asobo Premium|Savage Shock Ultra Asobo|Asobo|Savage Shock Ultra|_default|0|SingleProp
Asobo Premium|SR22 Asobo|Asobo|SR22|_default|0|SingleProp
Aermacchi MB-339|Aermacchi MB-339A Aeronautica Militare Camo|Aermacchi|Aermacchi MB-339A|Aeronautica Militare Camo|0|SingleTurbine
Aermacchi MB-339|Aermacchi MB-339A Aeronautica Militare Ghost Grey|Aermacchi|Aermacchi MB-339A|Aeronautica Militare Ghost Grey|0|SingleTurbine
Aermacchi MB-339|Aermacchi MB-339A Armada|Aermacchi|Aermacchi MB-339A|Armada|0|SingleTurbine
Aermacchi MB-339|Aermacchi MB-339A Factory Livery|Aermacchi|Aermacchi MB-339A|Factory Livery|0|SingleTurbine
Aermacchi MB-339|Aermacchi MB-339A MLU Aeronautica Militare Ghost Grey|Aermacchi|Aermacchi MB-339A|MLU Aeronautica Militare Ghost Grey|0|SingleTurbine
Aermacchi MB-339|Aermacchi MB-339A Royal Malaysian Air Force|Aermacchi|Aermacchi MB-339A|Royal Malaysian Air Force|0|SingleTurbine
Aermacchi MB-339|Aermacchi MB-339A United Arab Emirates|Aermacchi|Aermacchi MB-339A|United Arab Emirates|0|SingleTurbine
Aermacchi MB-339|Aermacchi MB-339PAN Frecce Tricolori|Aermacchi|Aermacchi MB-339PAN|Frecce Tricolori|0|SingleTurbine
Aerosoft A318|Aerosoft A318 professional AIR FRANCE F-GUGA|Aerosoft|Aerosoft A318 professional|AIR FRANCE F-GUGA|0|Airliner
Aerosoft A318|Aerosoft A318 professional AL JABER AVIATION A6-AJC|Aerosoft|Aerosoft A318 professional|AL JABER AVIATION A6-AJC|0|Airliner
Aerosoft A318|Aerosoft A318 professional BRITISH AIRWAYS G-EUNA|Aerosoft|Aerosoft A318 professional|BRITISH AIRWAYS G-EUNA|0|Airliner
Aerosoft A319|Aerosoft A319 professional AEROFLOT VQ-BCP|Aerosoft|Aerosoft A319 professional|AEROFLOT VQ-BCP|0|Airliner
Aerosoft A319|Aerosoft A319 professional AIR BERLIN D-ABGN|Aerosoft|Aerosoft A319 professional|AIR BERLIN D-ABGN|0|Airliner
Aerosoft A319|Aerosoft A319 professional AMERICAN AIRLINES N8001N|Aerosoft|Aerosoft A319 professional|AMERICAN AIRLINES N8001N|0|Airliner
Aerosoft A319|Aerosoft A319 professional AVIANCA N703AV|Aerosoft|Aerosoft A319 professional|AVIANCA N703AV|0|Airliner
Aerosoft A319|Aerosoft A319 professional BRITISH AIRWAYS G-DBCF|Aerosoft|Aerosoft A319 professional|BRITISH AIRWAYS G-DBCF|0|Airliner
Aerosoft A319|Aerosoft A319 professional DELTA N319NB|Aerosoft|Aerosoft A319 professional|DELTA N319NB|0|Airliner
Aerosoft A319|Aerosoft A319 professional EASYJET G-EZAX|Aerosoft|Aerosoft A319 professional|EASYJET G-EZAX|0|Airliner
Aerosoft A319|Aerosoft A319 professional EUROWINGS D-AGWZ|Aerosoft|Aerosoft A319 professional|EUROWINGS D-AGWZ|0|Airliner
Aerosoft A319|Aerosoft A319 professional GERMANWINGS D-AGWZ|Aerosoft|Aerosoft A319 professional|GERMANWINGS D-AGWZ|0|Airliner
Aerosoft A319|Aerosoft A319 professional LUFTHANSA D-AIBA|Aerosoft|Aerosoft A319 professional|LUFTHANSA D-AIBA|0|Airliner
Aerosoft A319|Aerosoft A319 professional LUFTHANSA NEWFLEET D-AIBA|Aerosoft|Aerosoft A319 professional|LUFTHANSA NEWFLEET D-AIBA|0|Airliner
Aerosoft A319|Aerosoft A319 professional TAM PR-MAN|Aerosoft|Aerosoft A319 professional|TAM PR-MAN|0|Airliner
Aerosoft A320|Aerosoft A320 professional AER LINGUS EI-DEK|Aerosoft|Aerosoft A320 professional|AER LINGUS EI-DEK|0|Airliner
Aerosoft A320|Aerosoft A320 professional AIR BERLIN D-ABMS|Aerosoft|Aerosoft A320 professional|AIR BERLIN D-ABMS|0|Airliner
Aerosoft A320|Aerosoft A320 professional AIRBUS INDUSTRIES F-WWBA|Aerosoft|Aerosoft A320 professional|AIRBUS INDUSTRIES F-WWBA|0|Airliner
Aerosoft A320|Aerosoft A320 professional BRITISH AIRWAYS G-EUUU|Aerosoft|Aerosoft A320 professional|BRITISH AIRWAYS G-EUUU|0|Airliner
Aerosoft A320|Aerosoft A320 professional EASYJET G-EZTB|Aerosoft|Aerosoft A320 professional|EASYJET G-EZTB|0|Airliner
Aerosoft A320|Aerosoft A320 professional EUROWINGS D-AIZV|Aerosoft|Aerosoft A320 professional|EUROWINGS D-AIZV|0|Airliner
Aerosoft A320|Aerosoft A320 professional JETBLUE N828JB|Aerosoft|Aerosoft A320 professional|JETBLUE N828JB|0|Airliner
Aerosoft A320|Aerosoft A320 professional LUFTHANSA D-AIZQ|Aerosoft|Aerosoft A320 professional|LUFTHANSA D-AIZQ|0|Airliner
Aerosoft A320|Aerosoft A320 professional NIKI OE-LEA|Aerosoft|Aerosoft A320 professional|NIKI OE-LEA|0|Airliner
Aerosoft A320|Aerosoft A320 professional UNITED AIRLINES N405UA|Aerosoft|Aerosoft A320 professional|UNITED AIRLINES N405UA|0|Airliner
Aerosoft A320|Aerosoft A320 professional VUELING EC-LUO|Aerosoft|Aerosoft A320 professional|VUELING EC-LUO|0|Airliner
Aerosoft A320|Aerosoft A320 professional WIZZ AIR UR-WUC|Aerosoft|Aerosoft A320 professional|WIZZ AIR UR-WUC|0|Airliner
Aerosoft A321|Aerosoft A321 professional AIR BERLIN D-ASLB|Aerosoft|Aerosoft A321 professional|AIR BERLIN D-ASLB|0|Airliner
Aerosoft A321|Aerosoft A321 professional AIRBUS INDUSTRIES F-WWIA|Aerosoft|Aerosoft A321 professional|AIRBUS INDUSTRIES F-WWIA|0|Airliner
Aerosoft A321|Aerosoft A321 professional BRITISH AIRWAYS G-EUXG|Aerosoft|Aerosoft A321 professional|BRITISH AIRWAYS G-EUXG|0|Airliner
Aerosoft A321|Aerosoft A321 professional DELTA N301DN|Aerosoft|Aerosoft A321 professional|DELTA N301DN|0|Airliner
Aerosoft A321|Aerosoft A321 professional FINNAIR OH-NEO|Aerosoft|Aerosoft A321 professional|FINNAIR OH-NEO|0|Airliner
Aerosoft A321|Aerosoft A321 professional ISRAELI AIRLINES 4X-NEO|Aerosoft|Aerosoft A321 professional|ISRAELI AIRLINES 4X-NEO|0|Airliner
Aerosoft A321|Aerosoft A321 professional JETBLUE N976JT|Aerosoft|Aerosoft A321 professional|JETBLUE N976JT|0|Airliner
Aerosoft A321|Aerosoft A321 professional LUFTHANSA D-AISP|Aerosoft|Aerosoft A321 professional|LUFTHANSA D-AISP|0|Airliner
Aerosoft A321|Aerosoft A321 professional MIDDLE EAST AIRLINES F-ONEO|Aerosoft|Aerosoft A321 professional|MIDDLE EAST AIRLINES F-ONEO|0|Airliner
Aerosoft A321|Aerosoft A321 professional MONARCH GMARA|Aerosoft|Aerosoft A321 professional|MONARCH GMARA|0|Airliner
Aerosoft A321|Aerosoft A321 professional QATAR AIRWAYS|Aerosoft|Aerosoft A321 professional|QATAR AIRWAYS|0|Airliner
Aerosoft A333|Aerosoft A333 professional AIR CANADA C-GFAF|Aerosoft|Aerosoft A333 professional|AIR CANADA C-GFAF|0|Airliner
Aerosoft A333|Aerosoft A333 professional AIRBUS F-WWCB|Aerosoft|Aerosoft A333 professional|AIRBUS F-WWCB|0|Airliner
Aerosoft A333|Aerosoft A333 professional CATHAY PACIFIC B-LBJ|Aerosoft|Aerosoft A333 professional|CATHAY PACIFIC B-LBJ|0|Airliner
Aerosoft A333|Aerosoft A333 professional CORSAIR INTERNATIONAL F-HSKY|Aerosoft|Aerosoft A333 professional|CORSAIR INTERNATIONAL F-HSKY|0|Airliner
Aerosoft A333|Aerosoft A333 professional DRAGON AIR B-LAB|Aerosoft|Aerosoft A333 professional|DRAGON AIR B-LAB|0|Airliner
Aerosoft A333|Aerosoft A333 professional EDELWEISS AIR HB-JHQ|Aerosoft|Aerosoft A333 professional|EDELWEISS AIR HB-JHQ|0|Airliner
Aerosoft A333|Aerosoft A333 professional EUROWINGS OO-SFB|Aerosoft|Aerosoft A333 professional|EUROWINGS OO-SFB|0|Airliner
Aerosoft A333|Aerosoft A333 professional LION AIR PK-LEF|Aerosoft|Aerosoft A333 professional|LION AIR PK-LEF|0|Airliner
Aerosoft A333|Aerosoft A333 professional LUFTHANSA D-AIKO|Aerosoft|Aerosoft A333 professional|LUFTHANSA D-AIKO|0|Airliner
Aerosoft A333|Aerosoft A333 professional SAUDI ARABIAN AIRLINES HZ-AQI|Aerosoft|Aerosoft A333 professional|SAUDI ARABIAN AIRLINES HZ-AQI|0|Airliner
Aerosoft A333|Aerosoft A333 professional SINGAPORE AIRLINES 9V-SSB|Aerosoft|Aerosoft A333 professional|SINGAPORE AIRLINES 9V-SSB|0|Airliner
Aerosoft A333|Aerosoft A333 professional SWISS HB-JHK|Aerosoft|Aerosoft A333 professional|SWISS HB-JHK|0|Airliner
Aerosoft A333|Aerosoft A333 professional VIRGIN ATLANTIC G-VKSS|Aerosoft|Aerosoft A333 professional|VIRGIN ATLANTIC G-VKSS|0|Airliner
Aerosoft DHC-6 Series 100|Aerosoft DHC-6 Series 100 Floats Pax|Aerosoft|Aerosoft DHC-6 Series 100|Floats Pax|0|TwinProp
Aerosoft DHC-6 Series 100|Aerosoft DHC-6 Series 100 Wheels Cargo|Aerosoft|Aerosoft DHC-6 Series 100|Wheels Cargo|0|TwinProp
Aerosoft DHC-6 Series 100|Aerosoft DHC-6 Series 100 Wheels Pax|Aerosoft|Aerosoft DHC-6 Series 100|Wheels Pax|0|TwinProp
Aerosoft DHC-6 Series 300|Aerosoft DHC-6 Series 300 Amphibian Pax|Aerosoft|Aerosoft DHC-6 Series 300|Amphibian Pax|0|TwinProp
Aerosoft DHC-6 Series 300|Aerosoft DHC-6 Series 300 Floats Pax|Aerosoft|Aerosoft DHC-6 Series 300|Floats Pax|0|TwinProp
Aerosoft DHC-6 Series 300|Aerosoft DHC-6 Series 300 Floats Pax (Short Nose)|Aerosoft|Aerosoft DHC-6 Series 300|Floats Pax (Short Nose)|0|TwinProp
Aerosoft DHC-6 Series 300|Aerosoft DHC-6 Series 300 Ski Cargo|Aerosoft|Aerosoft DHC-6 Series 300|Ski Cargo|0|TwinProp
Aerosoft DHC-6 Series 300|Aerosoft DHC-6 Series 300 Tundra Cargo|Aerosoft|Aerosoft DHC-6 Series 300|Tundra Cargo|0|TwinProp
Aerosoft DHC-6 Series 300|Aerosoft DHC-6 Series 300 Tundra Pax|Aerosoft|Aerosoft DHC-6 Series 300|Tundra Pax|0|TwinProp
Aerosoft DHC-6 Series 300|Aerosoft DHC-6 Series 300 Wheels Cargo 3-Blade|Aerosoft|Aerosoft DHC-6 Series 300|Wheels Cargo 3-Blade|0|TwinProp
Aerosoft DHC-6 Series 300|Aerosoft DHC-6 Series 300 Wheels Cargo 4-Blade|Aerosoft|Aerosoft DHC-6 Series 300|Wheels Cargo 4-Blade|0|TwinProp
Aerosoft DHC-6 Series 300|Aerosoft DHC-6 Series 300 Wheels Pax|Aerosoft|Aerosoft DHC-6 Series 300|Wheels Pax|0|TwinProp
Aerosoft DHC-6 Series 300|Aerosoft DHC-6 Series 300 Wheels Skydiver|Aerosoft|Aerosoft DHC-6 Series 300|Wheels Skydiver|0|TwinProp
Asobo ATR|ATR 42-600 Highline|Microsoft / S&H software|ATR 42-600|Highline|0|TwinProp
Asobo ATR|ATR 42-600 House Livery|Microsoft / S&H software|ATR 42-600|House Livery|0|TwinProp
Asobo ATR|ATR 42-600 Livery Air Saint Pierre|Microsoft / S&H software|ATR 42-600|Livery Air Saint Pierre|0|TwinProp
Asobo ATR|ATR 42-600 Livery Silver Airways|Microsoft / S&H software|ATR 42-600|Livery Silver Airways|0|TwinProp
Asobo ATR|ATR 72-600 Highline|Microsoft / S&H software |ATR 72-600|Highline|0|TwinProp
Asobo ATR|ATR 72-600 House Livery|Microsoft / S&H software|ATR 72-600|House Livery|0|TwinProp
Asobo ATR|ATR 72-600 Livery AfriJet|Microsoft / S&H software|ATR 72-600|Livery AfriJet|0|TwinProp
Asobo ATR|ATR 72-600 Livery Air New Zealand|Microsoft / S&H software|ATR 72-600|Livery Air New Zealand|0|TwinProp
Asobo ATR|ATR 72-600 Livery Air Tahiti Ra'Ireva'|Microsoft / S&H software|ATR 72-600|Livery Air Tahiti Ra'Ireva'|0|TwinProp
Asobo ATR|ATR 72-600 Livery Air Tahiti Tapuata|Microsoft / S&H software|ATR 72-600|Livery Air Tahiti Tapuata|0|TwinProp
Asobo ATR|ATR 72-600 Livery Air Tahiti Te Anuanua|Microsoft / S&H software|ATR 72-600|Livery Air Tahiti Te Anuanua|0|TwinProp
Asobo ATR|ATR 72-600 Livery Silver Airways|Microsoft / S&H software|ATR 72-600|Livery Silver Airways|0|TwinProp
Asobo Ford Trimotor|Ford-Trimotor - Blackford|Microsoft|Ford-Trimotor|Blackford|0|Airliner
Asobo Ford Trimotor|Ford-Trimotor - EmeraldHarbor|Microsoft|Ford-Trimotor|EmeraldHarbor|0|Airliner
Asobo Ford Trimotor|Ford-Trimotor - NewGuinea|Microsoft|Ford-Trimotor|NewGuinea|0|Airliner
Asobo Ford Trimotor|Ford-Trimotor - SpanishRepublic|Microsoft|Ford-Trimotor|SpanishRepublic|0|Airliner
Asobo Ford Trimotor|Ford-Trimotor - WorldTravel|Microsoft|Ford-Trimotor|NewGuinea|0|Airliner
Asobo Ford Trimotor|Ford-Trimotor-floats - Blackford|Microsoft|Ford-Trimotor-floats|Blackford|0|Airliner
Asobo Ford Trimotor|Ford-Trimotor-floats - EmeraldHarbor|Microsoft|Ford-Trimotor-floats|EmeraldHarbor|0|Airliner
Asobo Ford Trimotor|Ford-Trimotor-floats - NewGuinea|Microsoft|Ford-Trimotor-floats|NewGuinea|0|Airliner
Asobo Ford Trimotor|Ford-Trimotor-floats - SpanishRepublic|Microsoft|Ford-Trimotor-floats|SpanishRepublic|0|Airliner
Asobo Ford Trimotor|Ford-Trimotor-floats - WorldTravel|Microsoft|Ford-Trimotor-floats|NewGuinea|0|Airliner
Asobo Ford Trimotor|Ford-Trimotor-skis - Blackford|Microsoft|Ford-Trimotor-skis|Blackford|0|Airliner
Asobo Ford Trimotor|Ford-Trimotor-skis - EmeraldHarbor|Microsoft|Ford-Trimotor-skis|EmeraldHarbor|0|Airliner
Asobo Ford Trimotor|Ford-Trimotor-skis - NewGuinea|Microsoft|Ford-Trimotor-skis|NewGuinea|0|Airliner
Asobo Ford Trimotor|Ford-Trimotor-skis - SpanishRepublic|Microsoft|Ford-Trimotor-skis|SpanishRepublic|0|Airliner
Asobo Ford Trimotor|Ford-Trimotor-skis - WorldTravel|Microsoft|Ford-Trimotor-skis|NewGuinea|0|Airliner
Asobo L-39|Asobo Aero L-39 Albatros American Patriot|Asobo|Aero L-39 Albatros|American Patriot|0|Fighter
Asobo L-39|Asobo Aero L-39 Albatros American Spirit|Asobo|Aero L-39 Albatros|American Spirit|0|Fighter
Asobo L-39|Asobo Aero L-39 Albatros Athena|Asobo|Aero L-39 Albatros|Athena|0|Fighter
Asobo L-39|Asobo Aero L-39 Albatros Blue Ice|Asobo|Aero L-39 Albatros|Blue Ice|0|Fighter
Asobo L-39|Asobo Aero L-39 Albatros Drop Bear|Asobo|Aero L-39 Albatros|Drop Bear|0|Fighter
Asobo L-39|Asobo Aero L-39 Albatros Pipsqueak|Asobo|Aero L-39 Albatros|Pipsqueak|0|Fighter
Asobo L-39|Asobo Aero L-39 Albatros Red Thunder|Asobo|Aero L-39 Albatros|Red Thunder|0|Fighter
Asobo L-39|Asobo Aero L-39 Albatros Reno|Asobo|Aero L-39 Albatros|Reno|0|Fighter
Asobo L-39|Asobo Aero L-39 Albatros Reno Livery 01|Asobo|Aero L-39 Albatros|Livery 01|0|Fighter
Asobo L-39|Asobo Aero L-39 Albatros Reno Livery 02|Asobo|Aero L-39 Albatros|Livery 02|0|Fighter
Asobo L-39|Asobo Aero L-39 Albatros Reno Livery 03|Asobo|Aero L-39 Albatros|Livery 03|0|Fighter
Asobo L-39|Asobo Aero L-39 Albatros Reno Livery 04|Asobo|Aero L-39 Albatros|Livery 04|0|Fighter
Asobo L-39|Asobo Aero L-39 Albatros Reno Livery 05|Asobo|Aero L-39 Albatros|Livery 05|0|Fighter
Asobo L-39|Asobo Aero L-39 Albatros Reno Livery 06|Asobo|Aero L-39 Albatros|Livery 06|0|Fighter
Asobo L-39|Asobo Aero L-39 Albatros Reno Livery 07|Asobo|Aero L-39 Albatros|Livery 07|0|Fighter
Asobo L-39|Asobo Aero L-39 Albatros Robin1|Asobo|Aero L-39 Albatros|Robin1|0|Fighter
Asobo L-39|Asobo Aero L-39 Albatros Sarance|Asobo|Aero L-39 Albatros|Sarance|0|Fighter
Asobo L-39|Asobo Aero L-39 Albatros Tumbling Goose|Asobo|Aero L-39 Albatros|Tumbling Goose|0|Fighter
Asobo P51-D|P51-D Mustang Asobo Reno|Asobo|P51-D Mustang Reno|Reno|0|SingleProp
Asobo P51-D|P51-D Mustang Asobo Reno Bunny|Asobo|P51-D Mustang Reno|Bunny|0|SingleProp
Asobo P51-D|P51-D Mustang Asobo Reno Goldfinger|Asobo|P51-D Mustang Reno|Goldfinger|0|SingleProp
Asobo P51-D|P51-D Mustang Asobo Reno Lady B|Asobo|P51-D Mustang Reno|Lady B|0|SingleProp
Asobo P51-D|P51-D Mustang Asobo Reno Livery 01|Asobo|P51-D Mustang Reno|Livery 01|0|SingleProp
Asobo P51-D|P51-D Mustang Asobo Reno Livery 02|Asobo|P51-D Mustang Reno|Livery 02|0|SingleProp
Asobo P51-D|P51-D Mustang Asobo Reno Livery 03|Asobo|P51-D Mustang Reno|Livery 03|0|SingleProp
Asobo P51-D|P51-D Mustang Asobo Reno Livery 04|Asobo|P51-D Mustang Reno|Livery 04|0|SingleProp
Asobo P51-D|P51-D Mustang Asobo Reno Livery 05|Asobo|P51-D Mustang Reno|Livery 05|0|SingleProp
Asobo P51-D|P51-D Mustang Asobo Reno Livery 06|Asobo|P51-D Mustang Reno|Livery 06|0|SingleProp
Asobo P51-D|P51-D Mustang Asobo Reno Livery 07|Asobo|P51-D Mustang Reno|Livery 07|0|SingleProp
Asobo P51-D|P51-D Mustang Asobo Reno Man O War|Asobo|P51-D Mustang Reno|Man O War|0|SingleProp
Asobo P51-D|P51-D Mustang Asobo Reno Miss America|Asobo|P51-D Mustang Reno|Miss America|0|SingleProp
Asobo P51-D|P51-D Mustang Asobo Reno Mrs Virginia|Asobo|P51-D Mustang Reno|Mrs Virginia|0|SingleProp
Asobo P51-D|P51-D Mustang Asobo Reno Spam Can|Asobo|P51-D Mustang Reno|Spam Can|0|SingleProp
Asobo P51-D|P51-D Mustang Asobo Reno Strega|Asobo|P51-D Mustang Reno|Strega|0|SingleProp
Asobo P51-D|P51-D Mustang Asobo Reno Voodoo|Asobo|P51-D Mustang Reno|Voodoo|0|SingleProp
Asobo P51-D|P51-D Mustang Asobo Reno Wee Willy II|Asobo|P51-D Mustang Reno|Wee Willy II|0|SingleProp
Asobo Pitts|Pitts Special S1 Reno Asobo|Asobo|Pitts Special S1 Reno|Asobo|0|SingleProp
Asobo Pitts|Pitts Special S1 Reno Asobo Livery 01|Asobo|Pitts Special S1 Reno|Livery 01|0|SingleProp
Asobo Pitts|Pitts Special S1 Reno Asobo Livery 02|Asobo|Pitts Special S1 Reno|Livery 02|0|SingleProp
Asobo Pitts|Pitts Special S1 Reno Asobo Livery 03|Asobo|Pitts Special S1 Reno|Livery 03|0|SingleProp
Asobo Pitts|Pitts Special S1 Reno Asobo Livery 04|Asobo|Pitts Special S1 Reno|Livery 04|0|SingleProp
Asobo Pitts|Pitts Special S1 Reno Asobo Livery 05|Asobo|Pitts Special S1 Reno|Livery 05|0|SingleProp
Asobo Pitts|Pitts Special S1 Reno Asobo Livery 06|Asobo|Pitts Special S1 Reno|Livery 06|0|SingleProp
Asobo Pitts|Pitts Special S1 Reno Asobo Livery 07|Asobo|Pitts Special S1 Reno|Livery 07|0|SingleProp
Asobo Pitts|Pitts Special S1 Reno Black Hawk Asobo|Asobo|Pitts Special S1 Reno|Black Hawk|0|SingleProp
Asobo Pitts|Pitts Special S1 Reno Livery Aviators Club Asobo|Asobo|Pitts Special S1 Reno|Aviators Club|0|SingleProp
Asobo Pitts|Pitts Special S1 Reno Livery Xbox Aviators Club Asobo|Asobo|Pitts Special S1 Reno|Xbox Aviators Club|0|SingleProp
Asobo Pitts|Pitts Special S1 Reno Miss Diane Asobo|Asobo|Pitts Special S1 Reno|Miss Diane|0|SingleProp
Asobo Pitts|Pitts Special S1 Reno Nice and Ez Asobo|Asobo|Pitts Special S1 Reno|Nice and Ez|0|SingleProp
Asobo Pitts|Pitts Special S1 Reno Panther Asobo|Asobo|Pitts Special S1 Reno|Panther|0|SingleProp
Asobo Pitts|Pitts Special S1 Reno Racer X Asobo|Asobo|Pitts Special S1 Reno|Racer X|0|SingleProp
Asobo Pitts|Pitts Special S1 Reno Second Hand Asobo|Asobo|Pitts Special S1 Reno|Second Hand|0|SingleProp
Asobo Pitts|Pitts Special S1 Reno Smokin Hot Asobo|Asobo|Pitts Special S1 Reno|Smokin Hot|0|SingleProp
Asobo Pitts|Pitts Special S1 Reno Tango Tango Asobo|Asobo|Pitts Special S1 Reno|Tango Tango|0|SingleProp
Asobo Pitts|Pitts Special S1 Reno The Yellow Bomber Asobo|Asobo|Pitts Special S1 Reno|The Yellow Bomber|0|SingleProp
Asobo Pitts|Pitts Special S1 Reno Toto Asobo|Asobo|Pitts Special S1 Reno|Toto|0|SingleProp
Asobo T-6|North American T-6 Texan Asobo Reno|Asobo|North American T-6 Texan Reno|Reno|0|SingleProp
Asobo T-6|North American T-6 Texan Asobo Reno Almost Perfect|Asobo|North American T-6 Texan Reno|Almost Perfect|0|SingleProp
Asobo T-6|North American T-6 Texan Asobo Reno Baby Boomer|Asobo|North American T-6 Texan Reno|Baby Boomer|0|SingleProp
Asobo T-6|North American T-6 Texan Asobo Reno Barons Revenge|Asobo|North American T-6 Texan Reno|Barons Revenge|0|SingleProp
Asobo T-6|North American T-6 Texan Asobo Reno Big Red|Asobo|North American T-6 Texan Reno|Big Red|0|SingleProp
Asobo T-6|North American T-6 Texan Asobo Reno Eros|Asobo|North American T-6 Texan Reno|Eros|0|SingleProp
Asobo T-6|North American T-6 Texan Asobo Reno Gotcha|Asobo|North American T-6 Texan Reno|Gotcha|0|SingleProp
Asobo T-6|North American T-6 Texan Asobo Reno Gunslinger|Asobo|North American T-6 Texan Reno|Gunslinger|0|SingleProp
Asobo T-6|North American T-6 Texan Asobo Reno Livery 01|Asobo|North American T-6 Texan Reno|Livery 01|0|SingleProp
Asobo T-6|North American T-6 Texan Asobo Reno Livery 02|Asobo|North American T-6 Texan Reno|Livery 02|0|SingleProp
Asobo T-6|North American T-6 Texan Asobo Reno Livery 03|Asobo|North American T-6 Texan Reno|Livery 03|0|SingleProp
Asobo T-6|North American T-6 Texan Asobo Reno Livery 04|Asobo|North American T-6 Texan Reno|Livery 04|0|SingleProp
Asobo T-6|North American T-6 Texan Asobo Reno Livery 05|Asobo|North American T-6 Texan Reno|Livery 05|0|SingleProp
Asobo T-6|North American T-6 Texan Asobo Reno Livery 06|Asobo|North American T-6 Texan Reno|Livery 06|0|SingleProp
Asobo T-6|North American T-6 Texan Asobo Reno Livery 07|Asobo|North American T-6 Texan Reno|Livery 07|0|SingleProp
Asobo T-6|North American T-6 Texan Asobo Reno Radial Velocity|Asobo|North American T-6 Texan Reno|Radial Velocity|0|SingleProp
Asobo T-6|North American T-6 Texan Asobo Reno Six Cat|Asobo|North American T-6 Texan Reno|Six Cat|0|SingleProp
Asobo T-6|North American T-6 Texan Asobo Reno Undecided|Asobo|North American T-6 Texan Reno|Undecided|0|SingleProp
Beechcraft D18S|Beechcraft D18S Aviators Club Livery|Carenado|Beechcraft D18S|Aviators Club Livery|0|TwinProp
Beechcraft D18S|Beechcraft D18S C-GJMC|Carenado|Beechcraft D18S|C-GJMC|0|TwinProp
Beechcraft D18S|Beechcraft D18S N438Y|Carenado|Beechcraft D18S|N438Y|0|TwinProp
Beechcraft D18S|Beechcraft D18S N522B|Carenado|Beechcraft D18S|N522B|0|TwinProp
Beechcraft D18S|Beechcraft D18S N83KT|Carenado|Beechcraft D18S|N83KT|0|TwinProp
Beechcraft D18S|Beechcraft D18S N846DS|Carenado|Beechcraft D18S|N846DS|0|TwinProp
Beechcraft D18S|Beechcraft D18S N85ET|Carenado|Beechcraft D18S|N85ET|0|TwinProp
Beechcraft D18S|Beechcraft D18S N99ST|Carenado|Beechcraft D18S|N99ST|0|TwinProp
Beechcraft D18S|Beechcraft D18S Navy|Carenado|Beechcraft D18S|Navy|0|TwinProp
Beechcraft D18S|Beechcraft D18S Xbox Aviators Club Livery|Carenado|Beechcraft D18S|Xbox Aviators Club Livery|0|TwinProp
Beechcraft V35B|Beechcraft V35B Aviators Club Livery|Carenado|Beechcraft V35B Bonanza|Aviators Club Livery|0|SingleProp
Beechcraft V35B|Beechcraft V35B Bonanza G-BGGH|Carenado|Beechcraft V35B Bonanza|G-BGGH|0|SingleProp
Beechcraft V35B|Beechcraft V35B Bonanza G-BSVH|Carenado|Beechcraft V35B Bonanza|G-BSVH|0|SingleProp
Beechcraft V35B|Beechcraft V35B Bonanza N295K|Carenado|Beechcraft V35B Bonanza|N295K|0|SingleProp
Beechcraft V35B|Beechcraft V35B Bonanza N298P|Carenado|Beechcraft V35B Bonanza|N298P|0|SingleProp
Beechcraft V35B|Beechcraft V35B Bonanza N828L|Carenado|Beechcraft V35B Bonanza|N828L|0|SingleProp
Beechcraft V35B|Beechcraft V35B Bonanza N829K|Carenado|Beechcraft V35B Bonanza|N829K|0|SingleProp
Beechcraft V35B|Beechcraft V35B Bonanza N9609T|Carenado|Beechcraft V35B Bonanza|N9609T|0|SingleProp
Beechcraft V35B|Beechcraft V35B Bonanza N96652|Carenado|Beechcraft V35B Bonanza|N96652|0|SingleProp
Beechcraft V35B|Beechcraft V35B Bonanza White|Carenado|Beechcraft V35B Bonanza|White|0|SingleProp
Beechcraft V35B|Beechcraft V35B Bonanza Xbox Aviators Club Livery|Carenado|Beechcraft V35B Bonanza|Xbox Aviators Club Livery|0|SingleProp
Carenado C170|Carenado C170 CC-KMC|Carenado|Carenado C170|CC-KMC|0|SingleProp
Carenado C170|Carenado C170 C-GEXX|Carenado|Carenado C170|C-GEXX|0|SingleProp
Carenado C170|Carenado C170 N2472P|Carenado|Carenado C170|N2472P|0|SingleProp
Carenado C170|Carenado C170 N24MJ|Carenado|Carenado C170|N24MJ|0|SingleProp
Carenado C170|Carenado C170 N250FP|Carenado|Carenado C170|N250FP|0|SingleProp
Carenado C170|Carenado C170 N78HL|Carenado|Carenado C170|N78HL|0|SingleProp
Carenado C170|Carenado C170 WHITE|Carenado|Carenado C170|WHITE|0|SingleProp
Carenado C170B Tundra|Carenado C170B CC-KMC Tundra|Carenado|Carenado C170B Tundra|CC-KMC|0|SingleProp
Carenado C170B Tundra|Carenado C170B C-GEXX Tundra|Carenado|Carenado C170B Tundra|C-GEXX|0|SingleProp
Carenado C170B Tundra|Carenado C170B N2472P Tundra|Carenado|Carenado C170B Tundra|N2472P|0|SingleProp
Carenado C170B Tundra|Carenado C170B N24MJ Tundra|Carenado|Carenado C170B Tundra|N24MJ|0|SingleProp
Carenado C170B Tundra|Carenado C170B N250FP Tundra|Carenado|Carenado C170B Tundra|N250FP|0|SingleProp
Carenado C170B Tundra|Carenado C170B N78HL Tundra|Carenado|Carenado C170B Tundra|N78HL|0|SingleProp
Carenado C170B Tundra|Carenado C170B WHITE Tundra|Carenado|Carenado C170B Tundra|WHITE|0|SingleProp
Carenado C337H Skymaster II|Carenado C337H Skymaster II N3271S|Carenado|Carenado C337H Skymaster II|N3271S|0|TwinProp
Carenado C337H Skymaster II|Carenado C337H Skymaster II N5JD|Carenado|Carenado C337H Skymaster II|N5JD|0|TwinProp
Carenado C337H Skymaster II|Carenado C337H Skymaster II N6276K|Carenado|Carenado C337H Skymaster II|N6276K|0|TwinProp
Carenado C337H Skymaster II|Carenado C337H Skymaster II N79252|Carenado|Carenado C337H Skymaster II|N79252|0|TwinProp
Carenado C337H Skymaster II|Carenado C337H Skymaster II N842TU|Carenado|Carenado C337H Skymaster II|N842TU|0|TwinProp
Carenado C337H Skymaster II|Carenado C337H Skymaster II VH-SBZ|Carenado|Carenado C337H Skymaster II|VH-SBZ|0|TwinProp
Carenado CT182T Skylane|Carenado CT182T Skylane G-ANRW|Carenado|Carenado CT182T Skylane|G-ANRW|0|SingleProp
Carenado CT182T Skylane|Carenado CT182T Skylane N2250R|Carenado|Carenado CT182T Skylane|N2250R|0|SingleProp
Carenado CT182T Skylane|Carenado CT182T Skylane N2963N|Carenado|Carenado CT182T Skylane|N2963N|0|SingleProp
Carenado CT182T Skylane|Carenado CT182T Skylane N5996K|Carenado|Carenado CT182T Skylane|N5996K|0|SingleProp
Carenado M20R Ovation|Carenado M20R Ovation D-ERWO|Carenado|Carenado M20R Ovation|D-ERWO|0|SingleProp
Carenado M20R Ovation|Carenado M20R Ovation N247VD|Carenado|Carenado M20R Ovation|N247VD|0|SingleProp
Carenado M20R Ovation|Carenado M20R Ovation N48MQ|Carenado|Carenado M20R Ovation|N48MQ|0|SingleProp
Carenado M20R Ovation|Carenado M20R Ovation N541JS|Carenado|Carenado M20R Ovation|N541JS|0|SingleProp
Carenado PA28R Arrow III|Carenado PA28R Arrow III D-ESBT|Carenado|Carenado PA28R Arrow III|D-ESBT|0|SingleProp
Carenado PA28R Arrow III|Carenado PA28R Arrow III G-GMCL|Carenado|Carenado PA28R Arrow III|G-GMCL|0|SingleProp
Carenado PA28R Arrow III|Carenado PA28R Arrow III N19030|Carenado|Carenado PA28R Arrow III|N19030|0|SingleProp
Carenado PA28R Arrow III|Carenado PA28R Arrow III N3029K|Carenado|Carenado PA28R Arrow III|N3029K|0|SingleProp
Carenado PA28R Arrow III|Carenado PA28R Arrow III N842TU|Carenado|Carenado PA28R Arrow III|N842TU|0|SingleProp
Carenado PA34T Seneca V|Carenado PA34T Seneca V N48765|Carenado|Carenado PA34T Seneca V|N48765|0|TwinProp
Carenado PA34T Seneca V|Carenado PA34T Seneca V N58630|Carenado|Carenado PA34T Seneca V|N58630|0|TwinProp
Carenado PA34T Seneca V|Carenado PA34T Seneca V N58688|Carenado|Carenado PA34T Seneca V|N58688|0|TwinProp
Carenado PA34T Seneca V|Carenado PA34T Seneca V N95465|Carenado|Carenado PA34T Seneca V|N95465|0|TwinProp
Carenado PA34T Seneca V|Carenado PA34T Seneca V PT-SRD|Carenado|Carenado PA34T Seneca V|PT-SRD|0|TwinProp
Carenado PA34T Seneca V|Carenado PA34T Seneca V WHITE|Carenado|Carenado PA34T Seneca V|WHITE|0|TwinProp
Carenado PA44 Seminole|Carenado PA44 Seminole G-BGCP|Carenado|Carenado PA44 Seminole|G-BGCP|0|TwinProp
Carenado PA44 Seminole|Carenado PA44 Seminole N428DG|Carenado|Carenado PA44 Seminole|N428DG|0|TwinProp
Carenado PA44 Seminole|Carenado PA44 Seminole N463PA|Carenado|Carenado PA44 Seminole|N463PA|0|TwinProp
Carenado PA44 Seminole|Carenado PA44 Seminole N638YA|Carenado|Carenado PA44 Seminole|N638YA|0|TwinProp
Carenado PA44 Seminole|Carenado PA44 Seminole N806AM|Carenado|Carenado PA44 Seminole|N806AM|0|TwinProp
Carenado YMF-5|Carenado YMF-5 D-EDOF|Carenado|Carenado YMF-5|D-EDOF|0|SingleProp
Carenado YMF-5|Carenado YMF-5 G-YMFT|Carenado|Carenado YMF-5|G-YMFT|0|SingleProp
Carenado YMF-5|Carenado YMF-5 N240ET|Carenado|Carenado YMF-5|N240ET|0|SingleProp
Carenado YMF-5|Carenado YMF-5 N56ECC|Carenado|Carenado YMF-5|N56ECC|0|SingleProp
Carenado YMF-5|Carenado YMF-5 N92320|Carenado|Carenado YMF-5|N92320|0|SingleProp
Junkers Ju 52|Junkers Ju 52 Floats Livery 01|Junkers|Junkers Ju 52|Floats Livery 01|0|TwinProp
Junkers Ju 52|Junkers Ju 52 Floats Livery 02|Junkers|Junkers Ju 52|Floats Livery 02|0|TwinProp
Junkers Ju 52|Junkers Ju 52 Livery Aviators Club|Junkers|Junkers Ju 52|Livery Aviators Club|0|TwinProp
Junkers Ju 52|Junkers Ju 52 Livery Xbox Aviators Club|Junkers|Junkers Ju 52|Livery Xbox Aviators Club|0|TwinProp
Junkers Ju 52|Junkers Ju 52 Skis Livery 01|Junkers|Junkers Ju 52|Skis Livery 01|0|TwinProp
Junkers Ju 52|Junkers Ju 52 Skis Livery 02|Junkers|Junkers Ju 52|Skis Livery 02|0|TwinProp
Junkers Ju 52|Junkers Ju 52 Wheels Livery 01|Junkers|Junkers Ju 52|Wheels Livery 01|0|TwinProp
Junkers Ju 52|Junkers Ju 52 Wheels Livery 02|Junkers|Junkers Ju 52|Wheels Livery 02|0|TwinProp
Junkers Ju 52|Junkers Ju 52 Wheels Livery 03|Junkers|Junkers Ju 52|Wheels Livery 03|0|TwinProp
Junkers Ju 52|Junkers Ju 52 Wheels Livery 04|Junkers|Junkers Ju 52|Wheels Livery 04|0|TwinProp
Junkers Ju52/3m|Junkers Ju52/3m 1939|Junkers|Junkers Ju52/3m|1939|0|TwinProp
Junkers Ju52/3m|Junkers Ju52/3m Floats|Junkers|Junkers Ju52/3m|Floats|0|TwinProp
Junkers Ju52/3m|Junkers Ju52/3m Modern|Junkers|Junkers Ju52/3m|Modern|0|TwinProp
Junkers Ju52/3m|Junkers Ju52/3m Skis|Junkers|Junkers Ju52/3m|Skis|0|TwinProp
Lockheed C-130E|Lockheed C-130E Brazilian Air Force 2459|Lockheed|Lockheed C-130E|Brazilian Air Force 2459|0|SingleProp
Lockheed C-130E|Lockheed C-130E RAAF A97181|Lockheed|Lockheed C-130E|RAAF A97181|0|SingleProp
Lockheed C-130E|Lockheed C-130E RAF 887|Lockheed|Lockheed C-130E|RAF 887|0|SingleProp
Lockheed C-130E|Lockheed C-130E RCAF 130307|Lockheed|Lockheed C-130E|RCAF 130307|0|SingleProp
Lockheed C-130E|Lockheed C-130E USAF 637777|Lockheed|Lockheed C-130E|USAF 637777|0|SingleProp
Lockheed C-130E|Lockheed C-130E USAF 640544|Lockheed|Lockheed C-130E|USAF 640544|0|SingleProp
MilViz T-45C Goshawk|T-45C Goshawk TW-1|MilViz|MilViz T-45C Goshawk|TW-1|0|Fighter
MilViz T-45C Goshawk|T-45C Goshawk TW-1 CoNA|MilViz|MilViz T-45C Goshawk|TW-1 CoNA|0|Fighter
MilViz T-45C Goshawk|T-45C Goshawk TW-2|MilViz|MilViz T-45C Goshawk|TW-2|0|Fighter
MilViz T-45C Goshawk|T-45C Goshawk TW-2 CoNA|MilViz|MilViz T-45C Goshawk|TW-2 CoNA|0|Fighter
MilViz T-45C Goshawk|T-45C Goshawk VT-21 Redhawks|MilViz|MilViz T-45C Goshawk|VT-21 Redhawks|0|Fighter
MilViz T-45C Goshawk|T-45C Goshawk VT-22 Golden Hawks|MilViz|MilViz T-45C Goshawk|VT-22 Golden Hawks|0|Fighter
MilViz T-45C Goshawk|T-45C Goshawk VT-7 Eagles|MilViz|MilViz T-45C Goshawk|VT-7 Eagles|0|Fighter
MilViz T-45C Goshawk|T-45C Goshawk VT-86 Sabrehawks|MilViz|MilViz T-45C Goshawk|VT-86 Sabrehawks|0|Fighter
MilViz T-45C Goshawk|T-45C Goshawk VT-86 Special Color|MilViz|MilViz T-45C Goshawk|VT-86 Special Color|0|Fighter
MilViz T-45C Goshawk|T-45C Goshawk VT-9 Tigers|MilViz|MilViz T-45C Goshawk|VT-9 Tigers|0|Fighter
MilViz T-45C Goshawk|T-45C Goshawk VX-23|MilViz|MilViz T-45C Goshawk|VX-23|0|Fighter
MND C-22J Ventura|Caproni-Vizzola C-22J I-CAVJ|Caproni-Vizzola|C-22J Ventura|I-CAVJ (Camouflage)|0|Fighter
MND C-22J Ventura|Caproni-Vizzola C-22J I-CAVT|Caproni-Vizzola|C-22J Ventura|I-CAVT|0|Fighter
MND C-22J Ventura|Caproni-Vizzola C-22J I-GIAC Red|Caproni-Vizzola|C-22J Ventura|I-GIAC (Red, White)|0|Fighter
MND C-22J Ventura|Caproni-Vizzola C-22J I-GIAC White|Caproni-Vizzola|C-22J Ventura|I-GIAC (White,Torquoise)|0|Fighter
MND C-22J Ventura|Caproni-Vizzola I-GIAC RGB|Caproni-Vizzola|C-22J Ventura|I-GIAC (Red, Gray, Black)|0|Fighter
MND FN-333 Riviera|Nardi FN-333 Riviera I-SIAU|Nardi|FN-333 Riviera|Red, Black and Grey|0|SingleProp
MND FN-333 Riviera|Nardi FN-333 Riviera N914NS|Nardi|FN-333 Riviera|Red and Yellow|0|SingleProp
MND FN-333 Riviera|Nardi FN-333 Riviera N918NS|Nardi|FN-333 Riviera|Blue and Yellow|0|SingleProp
MND FN-333 Riviera|Nardi FN-333 Riviera N95DR|Nardi|FN-333 Riviera|Purple and Orange|0|SingleProp
MND FN-333 Riviera|Nardi FN-333 Riviera OO-HAR|Nardi|FN-333 Riviera|Blue, Black and Grey|0|SingleProp
NextGen EMB-110|NextGen EMB-110P Cubana|NextGen Simulations|EMB-110P|Cubana|0|TwinProp
NextGen EMB-110|NextGen EMB-110P Trans Brasil TBA|NextGen Simulations|EMB-110P|Trans Brasil TBA|0|TwinProp
NextGen EMB-110|NextGen EMB-110P Trans Brasil TBB|NextGen Simulations|EMB-110P|Trans Brasil TBB|0|TwinProp
NextGen EMB-110|NextGen EMB-110P White|NextGen Simulations|EMB-110P|White|0|TwinProp
NextGen EMB-110|NextGen EMB-110P1 Aires Colombia 1993|NextGen Simulations|EMB-110P1|Aires Colombia 1993|0|TwinProp
NextGen EMB-110|NextGen EMB-110P1 ANZ Link OOC|NextGen Simulations|EMB-110P1|ANZ Link OOC|0|TwinProp
NextGen EMB-110|NextGen EMB-110P1 ASA|NextGen Simulations|EMB-110P1|ASA|0|TwinProp
NextGen EMB-110|NextGen EMB-110P1 Loganair|NextGen Simulations|EMB-110P1|Loganair|0|TwinProp
NextGen EMB-110|NextGen EMB-110P1 TAG|NextGen Simulations|EMB-110P1|TAG|0|TwinProp
NextGen EMB-110|NextGen EMB-110P1 White|NextGen Simulations|EMB-110P1|White|0|TwinProp
NextGen EMB-110|NextGen EMB-110P1F White|NextGen Simulations|EMB-110P1F|White|0|TwinProp
NextGen EMB-110|NextGen EMB-110P1F Wiggins Airways|NextGen Simulations|EMB-110P1F|Wiggins Airways|0|TwinProp
